exp_name,dataset,alpha,lambda_scale,epoch,nfe,fid,status
base_0.5,cifar10,0.5,auto,99,4,38.7138786315918,completed
base_0.5,cifar10,0.5,auto,99,10,19.388896942138672,completed
base_0.5,cifar10,0.5,auto,99,20,16.424484252929688,completed
base_0.5,cifar10,0.5,auto,99,50,14.978912353515625,completed
base_0.5,cifar10,0.5,auto,99,100,14.809711456298828,completed
base_0.5,cifar10,0.5,auto,199,4,33.317726135253906,completed
base_0.5,cifar10,0.5,auto,199,10,16.324729919433594,completed
base_0.5,cifar10,0.5,auto,199,20,12.671442031860352,completed
base_0.5,cifar10,0.5,auto,199,50,10.3638916015625,completed
base_0.5,cifar10,0.5,auto,199,100,9.80145263671875,completed
base_0.5,cifar10,0.5,auto,299,4,28.841588973999023,completed
base_0.5,cifar10,0.5,auto,299,10,14.320499420166016,completed
base_0.5,cifar10,0.5,auto,299,20,11.929888725280762,completed
base_0.5,cifar10,0.5,auto,299,50,10.558999061584473,completed
base_0.5,cifar10,0.5,auto,299,100,10.1478853225708,completed
base_0.5,cifar10,0.5,auto,399,4,27.717512130737305,completed
base_0.5,cifar10,0.5,auto,399,10,15.370444297790527,completed
base_0.5,cifar10,0.5,auto,399,20,12.225656509399414,completed
base_0.5,cifar10,0.5,auto,399,50,9.85243034362793,completed
base_0.5,cifar10,0.5,auto,399,100,9.198866844177246,completed
base_0.5,cifar10,0.5,auto,499,4,29.5500545501709,completed
base_0.5,cifar10,0.5,auto,499,10,12.18714714050293,completed
base_0.5,cifar10,0.5,auto,499,20,9.453821182250977,completed
base_0.5,cifar10,0.5,auto,499,50,7.7177324295043945,completed
base_0.5,cifar10,0.5,auto,499,100,7.398448467254639,completed
base_0.5,cifar10,0.5,auto,599,4,24.151386260986328,completed
base_0.5,cifar10,0.5,auto,599,10,13.754810333251953,completed
base_0.5,cifar10,0.5,auto,599,20,10.972444534301758,completed
base_0.5,cifar10,0.5,auto,599,50,8.607857704162598,completed
base_0.5,cifar10,0.5,auto,599,100,7.820698261260986,completed
base_0.5,cifar10,0.5,auto,699,4,28.914966583251953,completed
base_0.5,cifar10,0.5,auto,699,10,11.559704780578613,completed
base_0.5,cifar10,0.5,auto,699,20,8.145048141479492,completed
base_0.5,cifar10,0.5,auto,699,50,5.717766284942627,completed
base_0.5,cifar10,0.5,auto,699,100,5.147519588470459,completed
base_0.5,cifar10,0.5,auto,799,4,29.459619522094727,completed
base_0.5,cifar10,0.5,auto,799,10,12.268266677856445,completed
base_0.5,cifar10,0.5,auto,799,20,9.199013710021973,completed
base_0.5,cifar10,0.5,auto,799,50,6.805480480194092,completed
base_0.5,cifar10,0.5,auto,799,100,6.248290538787842,completed
base_0.5,cifar10,0.5,auto,899,4,32.13605499267578,completed
base_0.5,cifar10,0.5,auto,899,10,9.770755767822266,completed
base_0.5,cifar10,0.5,auto,899,20,6.936769962310791,completed
base_0.5,cifar10,0.5,auto,899,50,5.132564544677734,completed
base_0.5,cifar10,0.5,auto,899,100,4.734334468841553,completed
fteqm_0.10,cifar10,0.1,auto,99,4,193.70823669433594,completed
fteqm_0.10,cifar10,0.1,auto,99,10,106.24101257324219,completed
fteqm_0.10,cifar10,0.1,auto,99,20,70.32914733886719,completed
fteqm_0.10,cifar10,0.1,auto,99,50,36.95655059814453,completed
fteqm_0.10,cifar10,0.1,auto,99,100,22.05373764038086,completed
fteqm_0.10,cifar10,0.1,auto,199,4,198.35340881347656,completed
fteqm_0.10,cifar10,0.1,auto,199,10,107.07294464111328,completed
fteqm_0.10,cifar10,0.1,auto,199,20,72.95396423339844,completed
fteqm_0.10,cifar10,0.1,auto,199,50,44.719486236572266,completed
fteqm_0.10,cifar10,0.1,auto,199,100,30.203001022338867,completed
fteqm_0.10,cifar10,0.1,auto,299,4,177.66741943359375,completed
fteqm_0.10,cifar10,0.1,auto,299,10,92.92472839355469,completed
fteqm_0.10,cifar10,0.1,auto,299,20,61.822227478027344,completed
fteqm_0.10,cifar10,0.1,auto,299,50,34.08363342285156,completed
fteqm_0.10,cifar10,0.1,auto,299,100,18.83555030822754,completed
fteqm_0.10,cifar10,0.1,auto,399,4,172.92385864257812,completed
fteqm_0.10,cifar10,0.1,auto,399,10,90.59017944335938,completed
fteqm_0.10,cifar10,0.1,auto,399,20,59.467105865478516,completed
fteqm_0.10,cifar10,0.1,auto,399,50,32.111778259277344,completed
fteqm_0.10,cifar10,0.1,auto,399,100,17.6318302154541,completed
fteqm_0.10,cifar10,0.1,auto,499,4,186.89138793945312,completed
fteqm_0.10,cifar10,0.1,auto,499,10,99.564697265625,completed
fteqm_0.10,cifar10,0.1,auto,499,20,66.8628921508789,completed
fteqm_0.10,cifar10,0.1,auto,499,50,39.2005615234375,completed
fteqm_0.10,cifar10,0.1,auto,499,100,25.148258209228516,completed
fteqm_0.10,cifar10,0.1,auto,599,4,169.5194091796875,completed
fteqm_0.10,cifar10,0.1,auto,599,10,87.45894622802734,completed
fteqm_0.10,cifar10,0.1,auto,599,20,58.510623931884766,completed
fteqm_0.10,cifar10,0.1,auto,599,50,35.168190002441406,completed
fteqm_0.10,cifar10,0.1,auto,599,100,23.89351463317871,completed
fteqm_0.10,cifar10,0.1,auto,699,4,171.65773010253906,completed
fteqm_0.10,cifar10,0.1,auto,699,10,84.8570327758789,completed
fteqm_0.10,cifar10,0.1,auto,699,20,54.832889556884766,completed
fteqm_0.10,cifar10,0.1,auto,699,50,30.781463623046875,completed
fteqm_0.10,cifar10,0.1,auto,699,100,19.003433227539062,completed
fteqm_0.10,cifar10,0.1,auto,799,4,182.87864685058594,completed
fteqm_0.10,cifar10,0.1,auto,799,10,98.34940338134766,completed
fteqm_0.10,cifar10,0.1,auto,799,20,65.30626678466797,completed
fteqm_0.10,cifar10,0.1,auto,799,50,35.835060119628906,completed
fteqm_0.10,cifar10,0.1,auto,799,100,19.622465133666992,completed
fteqm_0.10,cifar10,0.1,auto,899,4,173.239990234375,completed
fteqm_0.10,cifar10,0.1,auto,899,10,85.16010284423828,completed
fteqm_0.10,cifar10,0.1,auto,899,20,54.39631271362305,completed
fteqm_0.10,cifar10,0.1,auto,899,50,29.018341064453125,completed
fteqm_0.10,cifar10,0.1,auto,899,100,16.175540924072266,completed
fteqm_0.20,cifar10,0.2,auto,99,4,160.08433532714844,completed
fteqm_0.20,cifar10,0.2,auto,99,10,76.14067840576172,completed
fteqm_0.20,cifar10,0.2,auto,99,20,41.80342483520508,completed
fteqm_0.20,cifar10,0.2,auto,99,50,19.457056045532227,completed
fteqm_0.20,cifar10,0.2,auto,99,100,19.91426658630371,completed
fteqm_0.20,cifar10,0.2,auto,199,4,162.6090087890625,completed
fteqm_0.20,cifar10,0.2,auto,199,10,81.32987213134766,completed
fteqm_0.20,cifar10,0.2,auto,199,20,52.789649963378906,completed
fteqm_0.20,cifar10,0.2,auto,199,50,31.16065788269043,completed
fteqm_0.20,cifar10,0.2,auto,199,100,22.086769104003906,completed
fteqm_0.20,cifar10,0.2,auto,299,4,145.9833526611328,completed
fteqm_0.20,cifar10,0.2,auto,299,10,59.20021438598633,completed
fteqm_0.20,cifar10,0.2,auto,299,20,29.390575408935547,completed
fteqm_0.20,cifar10,0.2,auto,299,50,10.534591674804688,completed
fteqm_0.20,cifar10,0.2,auto,299,100,10.337746620178223,completed
fteqm_0.20,cifar10,0.2,auto,399,4,153.44381713867188,completed
fteqm_0.20,cifar10,0.2,auto,399,10,69.94392395019531,completed
fteqm_0.20,cifar10,0.2,auto,399,20,41.90196228027344,completed
fteqm_0.20,cifar10,0.2,auto,399,50,19.864742279052734,completed
fteqm_0.20,cifar10,0.2,auto,399,100,10.937758445739746,completed
fteqm_0.20,cifar10,0.2,auto,499,4,163.9341583251953,completed
fteqm_0.20,cifar10,0.2,auto,499,10,79.27748107910156,completed
fteqm_0.20,cifar10,0.2,auto,499,20,50.146446228027344,completed
fteqm_0.20,cifar10,0.2,auto,499,50,27.82954216003418,completed
fteqm_0.20,cifar10,0.2,auto,499,100,18.653894424438477,completed
fteqm_0.20,cifar10,0.2,auto,599,4,134.8833465576172,completed
fteqm_0.20,cifar10,0.2,auto,599,10,55.55460739135742,completed
fteqm_0.20,cifar10,0.2,auto,599,20,30.120033264160156,completed
fteqm_0.20,cifar10,0.2,auto,599,50,11.564577102661133,completed
fteqm_0.20,cifar10,0.2,auto,599,100,5.883546352386475,completed
fteqm_0.20,cifar10,0.2,auto,699,4,145.36468505859375,completed
fteqm_0.20,cifar10,0.2,auto,699,10,64.68281555175781,completed
fteqm_0.20,cifar10,0.2,auto,699,20,38.14259338378906,completed
fteqm_0.20,cifar10,0.2,auto,699,50,18.401277542114258,completed
fteqm_0.20,cifar10,0.2,auto,699,100,10.55748176574707,completed
fteqm_0.20,cifar10,0.2,auto,799,4,138.10369873046875,completed
fteqm_0.20,cifar10,0.2,auto,799,10,58.035247802734375,completed
fteqm_0.20,cifar10,0.2,auto,799,20,30.1927433013916,completed
fteqm_0.20,cifar10,0.2,auto,799,50,10.060734748840332,completed
fteqm_0.20,cifar10,0.2,auto,799,100,5.704700469970703,completed
fteqm_0.20,cifar10,0.2,auto,899,4,144.24855041503906,completed
fteqm_0.20,cifar10,0.2,auto,899,10,62.714935302734375,completed
fteqm_0.20,cifar10,0.2,auto,899,20,35.871395111083984,completed
fteqm_0.20,cifar10,0.2,auto,899,50,14.79671859741211,completed
fteqm_0.20,cifar10,0.2,auto,899,100,7.011161804199219,completed
fteqm_0.30,cifar10,0.3,auto,99,4,113.68737030029297,completed
fteqm_0.30,cifar10,0.3,auto,99,10,34.028926849365234,completed
fteqm_0.30,cifar10,0.3,auto,99,20,15.849004745483398,completed
fteqm_0.30,cifar10,0.3,auto,99,50,16.312458038330078,completed
fteqm_0.30,cifar10,0.3,auto,99,100,14.957181930541992,completed
fteqm_0.30,cifar10,0.3,auto,199,4,117.15528869628906,completed
fteqm_0.30,cifar10,0.3,auto,199,10,42.542022705078125,completed
fteqm_0.30,cifar10,0.3,auto,199,20,21.54242515563965,completed
fteqm_0.30,cifar10,0.3,auto,199,50,11.431105613708496,completed
fteqm_0.30,cifar10,0.3,auto,199,100,10.769939422607422,completed
fteqm_0.30,cifar10,0.3,auto,299,4,111.44026947021484,completed
fteqm_0.30,cifar10,0.3,auto,299,10,34.83102798461914,completed
fteqm_0.30,cifar10,0.3,auto,299,20,15.38187313079834,completed
fteqm_0.30,cifar10,0.3,auto,299,50,8.734235763549805,completed
fteqm_0.30,cifar10,0.3,auto,299,100,9.325512886047363,completed
fteqm_0.30,cifar10,0.3,auto,399,4,104.13554382324219,completed
fteqm_0.30,cifar10,0.3,auto,399,10,27.134849548339844,completed
fteqm_0.30,cifar10,0.3,auto,399,20,10.727432250976562,completed
fteqm_0.30,cifar10,0.3,auto,399,50,9.38051986694336,completed
fteqm_0.30,cifar10,0.3,auto,399,100,9.580942153930664,completed
fteqm_0.30,cifar10,0.3,auto,499,4,127.82171630859375,completed
fteqm_0.30,cifar10,0.3,auto,499,10,44.589111328125,completed
fteqm_0.30,cifar10,0.3,auto,499,20,22.038631439208984,completed
fteqm_0.30,cifar10,0.3,auto,499,50,10.374911308288574,completed
fteqm_0.30,cifar10,0.3,auto,499,100,8.907140731811523,completed
fteqm_0.30,cifar10,0.3,auto,599,4,95.9047622680664,completed
fteqm_0.30,cifar10,0.3,auto,599,10,30.18222427368164,completed
fteqm_0.30,cifar10,0.3,auto,599,20,13.96168327331543,completed
fteqm_0.30,cifar10,0.3,auto,599,50,7.023258209228516,completed
fteqm_0.30,cifar10,0.3,auto,599,100,7.025383949279785,completed
fteqm_0.30,cifar10,0.3,auto,699,4,103.34050750732422,completed
fteqm_0.30,cifar10,0.3,auto,699,10,33.97553253173828,completed
fteqm_0.30,cifar10,0.3,auto,699,20,16.327312469482422,completed
fteqm_0.30,cifar10,0.3,auto,699,50,7.2737860679626465,completed
fteqm_0.30,cifar10,0.3,auto,699,100,5.709300994873047,completed
fteqm_0.30,cifar10,0.3,auto,799,4,107.8812026977539,completed
fteqm_0.30,cifar10,0.3,auto,799,10,39.90448760986328,completed
fteqm_0.30,cifar10,0.3,auto,799,20,21.977922439575195,completed
fteqm_0.30,cifar10,0.3,auto,799,50,11.219696998596191,completed
fteqm_0.30,cifar10,0.3,auto,799,100,8.329906463623047,completed
fteqm_0.30,cifar10,0.3,auto,899,4,101.16376495361328,completed
fteqm_0.30,cifar10,0.3,auto,899,10,26.47601890563965,completed
fteqm_0.30,cifar10,0.3,auto,899,20,9.486390113830566,completed
fteqm_0.30,cifar10,0.3,auto,899,50,4.938559055328369,completed
fteqm_0.30,cifar10,0.3,auto,899,100,6.111377239227295,completed
fteqm_0.40,cifar10,0.4,auto,99,4,70.41048431396484,completed
fteqm_0.40,cifar10,0.4,auto,99,10,18.67323112487793,completed
fteqm_0.40,cifar10,0.4,auto,99,20,17.05558967590332,completed
fteqm_0.40,cifar10,0.4,auto,99,50,16.60763931274414,completed
fteqm_0.40,cifar10,0.4,auto,99,100,16.181228637695312,completed
fteqm_0.40,cifar10,0.4,auto,199,4,81.84024047851562,completed
fteqm_0.40,cifar10,0.4,auto,199,10,23.3452205657959,completed
fteqm_0.40,cifar10,0.4,auto,199,20,13.277694702148438,completed
fteqm_0.40,cifar10,0.4,auto,199,50,10.6206693649292,completed
fteqm_0.40,cifar10,0.4,auto,199,100,10.628437995910645,completed
fteqm_0.40,cifar10,0.4,auto,299,4,54.59273910522461,completed
fteqm_0.40,cifar10,0.4,auto,299,10,10.606398582458496,completed
fteqm_0.40,cifar10,0.4,auto,299,20,8.791646957397461,completed
fteqm_0.40,cifar10,0.4,auto,299,50,9.557927131652832,completed
fteqm_0.40,cifar10,0.4,auto,299,100,9.232870101928711,completed
fteqm_0.40,cifar10,0.4,auto,399,4,59.13428497314453,completed
fteqm_0.40,cifar10,0.4,auto,399,10,13.328060150146484,completed
fteqm_0.40,cifar10,0.4,auto,399,20,9.659073829650879,completed
fteqm_0.40,cifar10,0.4,auto,399,50,9.49459457397461,completed
fteqm_0.40,cifar10,0.4,auto,399,100,9.250337600708008,completed
fteqm_0.40,cifar10,0.4,auto,499,4,58.92215347290039,completed
fteqm_0.40,cifar10,0.4,auto,499,10,10.434640884399414,completed
fteqm_0.40,cifar10,0.4,auto,499,20,6.792316436767578,completed
fteqm_0.40,cifar10,0.4,auto,499,50,7.294909954071045,completed
fteqm_0.40,cifar10,0.4,auto,499,100,7.5686235427856445,completed
fteqm_0.40,cifar10,0.4,auto,599,4,55.05231857299805,completed
fteqm_0.40,cifar10,0.4,auto,599,10,13.438983917236328,completed
fteqm_0.40,cifar10,0.4,auto,599,20,8.460503578186035,completed
fteqm_0.40,cifar10,0.4,auto,599,50,7.21940803527832,completed
fteqm_0.40,cifar10,0.4,auto,599,100,7.054587364196777,completed
fteqm_0.40,cifar10,0.4,auto,699,4,45.7421989440918,completed
fteqm_0.40,cifar10,0.4,auto,699,10,7.495832443237305,completed
fteqm_0.40,cifar10,0.4,auto,699,20,5.051487445831299,completed
fteqm_0.40,cifar10,0.4,auto,699,50,5.274171352386475,completed
fteqm_0.40,cifar10,0.4,auto,699,100,5.287413120269775,completed
fteqm_0.40,cifar10,0.4,auto,799,4,59.03165054321289,completed
fteqm_0.40,cifar10,0.4,auto,799,10,10.770281791687012,completed
fteqm_0.40,cifar10,0.4,auto,799,20,6.354004383087158,completed
fteqm_0.40,cifar10,0.4,auto,799,50,5.957541465759277,completed
fteqm_0.40,cifar10,0.4,auto,799,100,5.977993965148926,completed
fteqm_0.40,cifar10,0.4,auto,899,4,48.97516632080078,completed
fteqm_0.40,cifar10,0.4,auto,899,10,6.3607683181762695,completed
fteqm_0.40,cifar10,0.4,auto,899,20,4.79524040222168,completed
fteqm_0.40,cifar10,0.4,auto,899,50,5.08454704284668,completed
fteqm_0.40,cifar10,0.4,auto,899,100,4.796908378601074,completed
fteqm_0.45,cifar10,0.45,auto,99,4,42.91455841064453,completed
fteqm_0.45,cifar10,0.45,auto,99,10,18.2558650970459,completed
fteqm_0.45,cifar10,0.45,auto,99,20,17.12446403503418,completed
fteqm_0.45,cifar10,0.45,auto,99,50,15.5099458694458,completed
fteqm_0.45,cifar10,0.45,auto,99,100,15.14916706085205,completed
fteqm_0.45,cifar10,0.45,auto,199,4,36.27387619018555,completed
fteqm_0.45,cifar10,0.45,auto,199,10,12.438752174377441,completed
fteqm_0.45,cifar10,0.45,auto,199,20,11.076410293579102,completed
fteqm_0.45,cifar10,0.45,auto,199,50,10.370625495910645,completed
fteqm_0.45,cifar10,0.45,auto,199,100,10.22152042388916,completed
fteqm_0.45,cifar10,0.45,auto,299,4,38.07433319091797,completed
fteqm_0.45,cifar10,0.45,auto,299,10,10.361315727233887,completed
fteqm_0.45,cifar10,0.45,auto,299,20,9.273287773132324,completed
fteqm_0.45,cifar10,0.45,auto,299,50,9.261431694030762,completed
fteqm_0.45,cifar10,0.45,auto,299,100,9.279634475708008,completed
fteqm_0.45,cifar10,0.45,auto,399,4,26.9119930267334,completed
fteqm_0.45,cifar10,0.45,auto,399,10,13.189217567443848,completed
fteqm_0.45,cifar10,0.45,auto,399,20,12.668356895446777,completed
fteqm_0.45,cifar10,0.45,auto,399,50,10.819256782531738,completed
fteqm_0.45,cifar10,0.45,auto,399,100,9.903985977172852,completed
fteqm_0.45,cifar10,0.45,auto,499,4,30.414705276489258,completed
fteqm_0.45,cifar10,0.45,auto,499,10,10.206620216369629,completed
fteqm_0.45,cifar10,0.45,auto,499,20,9.226901054382324,completed
fteqm_0.45,cifar10,0.45,auto,499,50,8.307361602783203,completed
fteqm_0.45,cifar10,0.45,auto,499,100,8.23001766204834,completed
fteqm_0.45,cifar10,0.45,auto,599,4,20.18190574645996,completed
fteqm_0.45,cifar10,0.45,auto,599,10,12.297052383422852,completed
fteqm_0.45,cifar10,0.45,auto,599,20,11.495711326599121,completed
fteqm_0.45,cifar10,0.45,auto,599,50,9.174596786499023,completed
fteqm_0.45,cifar10,0.45,auto,599,100,8.029004096984863,completed
fteqm_0.45,cifar10,0.45,auto,699,4,24.074935913085938,completed
fteqm_0.45,cifar10,0.45,auto,699,10,11.690382957458496,completed
fteqm_0.45,cifar10,0.45,auto,699,20,9.036865234375,completed
fteqm_0.45,cifar10,0.45,auto,699,50,5.937925338745117,completed
fteqm_0.45,cifar10,0.45,auto,699,100,5.114778995513916,completed
fteqm_0.45,cifar10,0.45,auto,799,4,33.140411376953125,completed
fteqm_0.45,cifar10,0.45,auto,799,10,7.696323394775391,completed
fteqm_0.45,cifar10,0.45,auto,799,20,6.446533679962158,completed
fteqm_0.45,cifar10,0.45,auto,799,50,5.6428446769714355,completed
fteqm_0.45,cifar10,0.45,auto,799,100,5.395952224731445,completed
fteqm_0.45,cifar10,0.45,auto,899,4,31.335691452026367,completed
fteqm_0.45,cifar10,0.45,auto,899,10,6.46915864944458,completed
fteqm_0.45,cifar10,0.45,auto,899,20,5.452854156494141,completed
fteqm_0.45,cifar10,0.45,auto,899,50,4.618377685546875,completed
fteqm_0.45,cifar10,0.45,auto,899,100,4.232781410217285,completed
fteqm_0.55,cifar10,0.55,auto,99,4,47.11103439331055,completed
fteqm_0.55,cifar10,0.55,auto,99,10,23.83020782470703,completed
fteqm_0.55,cifar10,0.55,auto,99,20,19.04196548461914,completed
fteqm_0.55,cifar10,0.55,auto,99,50,16.98725700378418,completed
fteqm_0.55,cifar10,0.55,auto,99,100,16.67554473876953,completed
fteqm_0.55,cifar10,0.55,auto,199,4,38.691314697265625,completed
fteqm_0.55,cifar10,0.55,auto,199,10,19.322826385498047,completed
fteqm_0.55,cifar10,0.55,auto,199,20,14.669780731201172,completed
fteqm_0.55,cifar10,0.55,auto,199,50,11.952495574951172,completed
fteqm_0.55,cifar10,0.55,auto,199,100,11.238303184509277,completed
fteqm_0.55,cifar10,0.55,auto,299,4,32.43525695800781,completed
fteqm_0.55,cifar10,0.55,auto,299,10,15.74444580078125,completed
fteqm_0.55,cifar10,0.55,auto,299,20,12.323983192443848,completed
fteqm_0.55,cifar10,0.55,auto,299,50,10.76766300201416,completed
fteqm_0.55,cifar10,0.55,auto,299,100,10.247139930725098,completed
fteqm_0.55,cifar10,0.55,auto,399,4,34.48750305175781,completed
fteqm_0.55,cifar10,0.55,auto,399,10,15.696977615356445,completed
fteqm_0.55,cifar10,0.55,auto,399,20,11.708760261535645,completed
fteqm_0.55,cifar10,0.55,auto,399,50,9.466084480285645,completed
fteqm_0.55,cifar10,0.55,auto,399,100,9.066810607910156,completed
fteqm_0.55,cifar10,0.55,auto,499,4,34.05856704711914,completed
fteqm_0.55,cifar10,0.55,auto,499,10,11.581738471984863,completed
fteqm_0.55,cifar10,0.55,auto,499,20,8.636948585510254,completed
fteqm_0.55,cifar10,0.55,auto,499,50,7.928630352020264,completed
fteqm_0.55,cifar10,0.55,auto,499,100,8.058656692504883,completed
fteqm_0.55,cifar10,0.55,auto,599,4,31.914039611816406,completed
fteqm_0.55,cifar10,0.55,auto,599,10,13.918451309204102,completed
fteqm_0.55,cifar10,0.55,auto,599,20,10.128421783447266,completed
fteqm_0.55,cifar10,0.55,auto,599,50,8.021793365478516,completed
fteqm_0.55,cifar10,0.55,auto,599,100,7.391506671905518,completed
fteqm_0.55,cifar10,0.55,auto,699,4,33.770179748535156,completed
fteqm_0.55,cifar10,0.55,auto,699,10,12.00317668914795,completed
fteqm_0.55,cifar10,0.55,auto,699,20,7.8605475425720215,completed
fteqm_0.55,cifar10,0.55,auto,699,50,5.722736358642578,completed
fteqm_0.55,cifar10,0.55,auto,699,100,5.283685207366943,completed
fteqm_0.55,cifar10,0.55,auto,799,4,34.345359802246094,completed
fteqm_0.55,cifar10,0.55,auto,799,10,11.615850448608398,completed
fteqm_0.55,cifar10,0.55,auto,799,20,7.615082740783691,completed
fteqm_0.55,cifar10,0.55,auto,799,50,5.666697978973389,completed
fteqm_0.55,cifar10,0.55,auto,799,100,5.308897972106934,completed
fteqm_0.55,cifar10,0.55,auto,899,4,36.89118957519531,completed
fteqm_0.55,cifar10,0.55,auto,899,10,10.316635131835938,completed
fteqm_0.55,cifar10,0.55,auto,899,20,6.646803379058838,completed
fteqm_0.55,cifar10,0.55,auto,899,50,5.196017742156982,completed
fteqm_0.55,cifar10,0.55,auto,899,100,4.924413204193115,completed
fteqm_0.60,cifar10,0.6,auto,99,4,38.72006607055664,completed
fteqm_0.60,cifar10,0.6,auto,99,10,21.26837158203125,completed
fteqm_0.60,cifar10,0.6,auto,99,20,17.223377227783203,completed
fteqm_0.60,cifar10,0.6,auto,99,50,15.618377685546875,completed
fteqm_0.60,cifar10,0.6,auto,99,100,15.393260955810547,completed
fteqm_0.60,cifar10,0.6,auto,199,4,36.56509017944336,completed
fteqm_0.60,cifar10,0.6,auto,199,10,14.236420631408691,completed
fteqm_0.60,cifar10,0.6,auto,199,20,10.860249519348145,completed
fteqm_0.60,cifar10,0.6,auto,199,50,10.445621490478516,completed
fteqm_0.60,cifar10,0.6,auto,199,100,10.047768592834473,completed
fteqm_0.60,cifar10,0.6,auto,299,4,37.90797424316406,completed
fteqm_0.60,cifar10,0.6,auto,299,10,12.275781631469727,completed
fteqm_0.60,cifar10,0.6,auto,299,20,8.10088062286377,completed
fteqm_0.60,cifar10,0.6,auto,299,50,7.283361434936523,completed
fteqm_0.60,cifar10,0.6,auto,299,100,7.03847074508667,completed
fteqm_0.60,cifar10,0.6,auto,399,4,34.143943786621094,completed
fteqm_0.60,cifar10,0.6,auto,399,10,12.565118789672852,completed
fteqm_0.60,cifar10,0.6,auto,399,20,9.394282341003418,completed
fteqm_0.60,cifar10,0.6,auto,399,50,8.943345069885254,completed
fteqm_0.60,cifar10,0.6,auto,399,100,8.49238109588623,completed
fteqm_0.60,cifar10,0.6,auto,499,4,38.314353942871094,completed
fteqm_0.60,cifar10,0.6,auto,499,10,15.996319770812988,completed
fteqm_0.60,cifar10,0.6,auto,499,20,10.318747520446777,completed
fteqm_0.60,cifar10,0.6,auto,499,50,8.166214942932129,completed
fteqm_0.60,cifar10,0.6,auto,499,100,7.722904682159424,completed
fteqm_0.60,cifar10,0.6,auto,599,4,33.71782684326172,completed
fteqm_0.60,cifar10,0.6,auto,599,10,13.11080551147461,completed
fteqm_0.60,cifar10,0.6,auto,599,20,8.436638832092285,completed
fteqm_0.60,cifar10,0.6,auto,599,50,6.861460208892822,completed
fteqm_0.60,cifar10,0.6,auto,599,100,6.51084041595459,completed
fteqm_0.60,cifar10,0.6,auto,699,4,34.74628448486328,completed
fteqm_0.60,cifar10,0.6,auto,699,10,10.8239164352417,completed
fteqm_0.60,cifar10,0.6,auto,699,20,6.254080772399902,completed
fteqm_0.60,cifar10,0.6,auto,699,50,4.974499225616455,completed
fteqm_0.60,cifar10,0.6,auto,699,100,4.788666248321533,completed
fteqm_0.60,cifar10,0.6,auto,799,4,30.02758026123047,completed
fteqm_0.60,cifar10,0.6,auto,799,10,9.014336585998535,completed
fteqm_0.60,cifar10,0.6,auto,799,20,5.502964973449707,completed
fteqm_0.60,cifar10,0.6,auto,799,50,4.561587333679199,completed
fteqm_0.60,cifar10,0.6,auto,799,100,4.415587425231934,completed
fteqm_0.60,cifar10,0.6,auto,899,4,22.95451545715332,completed
fteqm_0.60,cifar10,0.6,auto,899,10,9.305658340454102,completed
fteqm_0.60,cifar10,0.6,auto,899,20,6.8795294761657715,completed
fteqm_0.60,cifar10,0.6,auto,899,50,6.291592597961426,completed
fteqm_0.60,cifar10,0.6,auto,899,100,6.251605987548828,completed
fteqm_0.70,cifar10,0.7,auto,99,4,136.46310424804688,completed
fteqm_0.70,cifar10,0.7,auto,99,10,26.844120025634766,completed
fteqm_0.70,cifar10,0.7,auto,99,20,15.79832649230957,completed
fteqm_0.70,cifar10,0.7,auto,99,50,13.85395622253418,completed
fteqm_0.70,cifar10,0.7,auto,99,100,13.94664478302002,completed
fteqm_0.70,cifar10,0.7,auto,199,4,141.41146850585938,completed
fteqm_0.70,cifar10,0.7,auto,199,10,25.628196716308594,completed
fteqm_0.70,cifar10,0.7,auto,199,20,11.967535972595215,completed
fteqm_0.70,cifar10,0.7,auto,199,50,7.608639717102051,completed
fteqm_0.70,cifar10,0.7,auto,199,100,7.453732490539551,completed
fteqm_0.70,cifar10,0.7,auto,299,4,145.10731506347656,completed
fteqm_0.70,cifar10,0.7,auto,299,10,23.780385971069336,completed
fteqm_0.70,cifar10,0.7,auto,299,20,12.108381271362305,completed
fteqm_0.70,cifar10,0.7,auto,299,50,6.8397297859191895,completed
fteqm_0.70,cifar10,0.7,auto,299,100,6.702406406402588,completed
fteqm_0.70,cifar10,0.7,auto,399,4,162.134033203125,completed
fteqm_0.70,cifar10,0.7,auto,399,10,22.005613327026367,completed
fteqm_0.70,cifar10,0.7,auto,399,20,13.562461853027344,completed
fteqm_0.70,cifar10,0.7,auto,399,50,7.937230110168457,completed
fteqm_0.70,cifar10,0.7,auto,399,100,7.685715675354004,completed
fteqm_0.70,cifar10,0.7,auto,499,4,156.77059936523438,completed
fteqm_0.70,cifar10,0.7,auto,499,10,15.817596435546875,completed
fteqm_0.70,cifar10,0.7,auto,499,20,7.881014823913574,completed
fteqm_0.70,cifar10,0.7,auto,499,50,7.064763069152832,completed
fteqm_0.70,cifar10,0.7,auto,499,100,7.280972480773926,completed
fteqm_0.70,cifar10,0.7,auto,599,4,154.93521118164062,completed
fteqm_0.70,cifar10,0.7,auto,599,10,17.232921600341797,completed
fteqm_0.70,cifar10,0.7,auto,599,20,7.561140537261963,completed
fteqm_0.70,cifar10,0.7,auto,599,50,6.282735347747803,completed
fteqm_0.70,cifar10,0.7,auto,599,100,6.365590572357178,completed
fteqm_0.70,cifar10,0.7,auto,699,4,160.6339569091797,completed
fteqm_0.70,cifar10,0.7,auto,699,10,20.62485122680664,completed
fteqm_0.70,cifar10,0.7,auto,699,20,7.876215934753418,completed
fteqm_0.70,cifar10,0.7,auto,699,50,5.312510013580322,completed
fteqm_0.70,cifar10,0.7,auto,699,100,5.224034786224365,completed
fteqm_0.70,cifar10,0.7,auto,799,4,159.23541259765625,completed
fteqm_0.70,cifar10,0.7,auto,799,10,19.382463455200195,completed
fteqm_0.70,cifar10,0.7,auto,799,20,7.009549617767334,completed
fteqm_0.70,cifar10,0.7,auto,799,50,4.810152530670166,completed
fteqm_0.70,cifar10,0.7,auto,799,100,4.754013538360596,completed
fteqm_0.70,cifar10,0.7,auto,899,4,162.7735137939453,completed
fteqm_0.70,cifar10,0.7,auto,899,10,19.594024658203125,completed
fteqm_0.70,cifar10,0.7,auto,899,20,10.46203327178955,completed
fteqm_0.70,cifar10,0.7,auto,899,50,5.978748798370361,completed
fteqm_0.70,cifar10,0.7,auto,899,100,5.976337909698486,completed
fteqm_0.80,cifar10,0.8,auto,99,4,363.9885559082031,completed
fteqm_0.80,cifar10,0.8,auto,99,10,59.9446907043457,completed
fteqm_0.80,cifar10,0.8,auto,99,20,21.853824615478516,completed
fteqm_0.80,cifar10,0.8,auto,99,50,19.40757179260254,completed
fteqm_0.80,cifar10,0.8,auto,99,100,19.312702178955078,completed
fteqm_0.80,cifar10,0.8,auto,199,4,359.25982666015625,completed
fteqm_0.80,cifar10,0.8,auto,199,10,60.70510482788086,completed
fteqm_0.80,cifar10,0.8,auto,199,20,15.808613777160645,completed
fteqm_0.80,cifar10,0.8,auto,199,50,12.115155220031738,completed
fteqm_0.80,cifar10,0.8,auto,199,100,11.804097175598145,completed
fteqm_0.80,cifar10,0.8,auto,299,4,357.7888488769531,completed
fteqm_0.80,cifar10,0.8,auto,299,10,54.9387092590332,completed
fteqm_0.80,cifar10,0.8,auto,299,20,13.84896183013916,completed
fteqm_0.80,cifar10,0.8,auto,299,50,11.054317474365234,completed
fteqm_0.80,cifar10,0.8,auto,299,100,10.804947853088379,completed
fteqm_0.80,cifar10,0.8,auto,399,4,356.47735595703125,completed
fteqm_0.80,cifar10,0.8,auto,399,10,54.070831298828125,completed
fteqm_0.80,cifar10,0.8,auto,399,20,12.96619987487793,completed
fteqm_0.80,cifar10,0.8,auto,399,50,9.989837646484375,completed
fteqm_0.80,cifar10,0.8,auto,399,100,9.717622756958008,completed
fteqm_0.80,cifar10,0.8,auto,499,4,356.38037109375,completed
fteqm_0.80,cifar10,0.8,auto,499,10,60.61600875854492,completed
fteqm_0.80,cifar10,0.8,auto,499,20,11.299840927124023,completed
fteqm_0.80,cifar10,0.8,auto,499,50,7.450619697570801,completed
fteqm_0.80,cifar10,0.8,auto,499,100,7.157833099365234,completed
fteqm_0.80,cifar10,0.8,auto,599,4,349.2236022949219,completed
fteqm_0.80,cifar10,0.8,auto,599,10,50.67685317993164,completed
fteqm_0.80,cifar10,0.8,auto,599,20,8.625582695007324,completed
fteqm_0.80,cifar10,0.8,auto,599,50,6.057718753814697,completed
fteqm_0.80,cifar10,0.8,auto,599,100,5.917325019836426,completed
fteqm_0.80,cifar10,0.8,auto,699,4,355.6643981933594,completed
fteqm_0.80,cifar10,0.8,auto,699,10,49.57840347290039,completed
fteqm_0.80,cifar10,0.8,auto,699,20,6.818856716156006,completed
fteqm_0.80,cifar10,0.8,auto,699,50,5.076518535614014,completed
fteqm_0.80,cifar10,0.8,auto,699,100,5.1054182052612305,completed
fteqm_0.80,cifar10,0.8,auto,799,4,352.8982849121094,completed
fteqm_0.80,cifar10,0.8,auto,799,10,57.93761444091797,completed
fteqm_0.80,cifar10,0.8,auto,799,20,10.565043449401855,completed
fteqm_0.80,cifar10,0.8,auto,799,50,6.302738189697266,completed
fteqm_0.80,cifar10,0.8,auto,799,100,5.943953037261963,completed
fteqm_0.80,cifar10,0.8,auto,899,4,353.9598388671875,completed
fteqm_0.80,cifar10,0.8,auto,899,10,55.854957580566406,completed
fteqm_0.80,cifar10,0.8,auto,899,20,8.697513580322266,completed
fteqm_0.80,cifar10,0.8,auto,899,50,5.357264041900635,completed
fteqm_0.80,cifar10,0.8,auto,899,100,5.150838851928711,completed
fteqm_0.90,cifar10,0.9,auto,99,4,348.32232666015625,completed
fteqm_0.90,cifar10,0.9,auto,99,10,145.6534881591797,completed
fteqm_0.90,cifar10,0.9,auto,99,20,38.946746826171875,completed
fteqm_0.90,cifar10,0.9,auto,99,50,21.504661560058594,completed
fteqm_0.90,cifar10,0.9,auto,99,100,19.988431930541992,completed
fteqm_0.90,cifar10,0.9,auto,199,4,382.4984130859375,completed
fteqm_0.90,cifar10,0.9,auto,199,10,174.12806701660156,completed
fteqm_0.90,cifar10,0.9,auto,199,20,29.93086051940918,completed
fteqm_0.90,cifar10,0.9,auto,199,50,16.165868759155273,completed
fteqm_0.90,cifar10,0.9,auto,199,100,14.628334045410156,completed
fteqm_0.90,cifar10,0.9,auto,299,4,398.2825012207031,completed
fteqm_0.90,cifar10,0.9,auto,299,10,179.47183227539062,completed
fteqm_0.90,cifar10,0.9,auto,299,20,26.557130813598633,completed
fteqm_0.90,cifar10,0.9,auto,299,50,13.199163436889648,completed
fteqm_0.90,cifar10,0.9,auto,299,100,11.557637214660645,completed
fteqm_0.90,cifar10,0.9,auto,399,4,408.5618896484375,completed
fteqm_0.90,cifar10,0.9,auto,399,10,228.19593811035156,completed
fteqm_0.90,cifar10,0.9,auto,399,20,35.871795654296875,completed
fteqm_0.90,cifar10,0.9,auto,399,50,15.847794532775879,completed
fteqm_0.90,cifar10,0.9,auto,399,100,14.226795196533203,completed
fteqm_0.90,cifar10,0.9,auto,499,4,411.3888244628906,completed
fteqm_0.90,cifar10,0.9,auto,499,10,234.37635803222656,completed
fteqm_0.90,cifar10,0.9,auto,499,20,29.94601821899414,completed
fteqm_0.90,cifar10,0.9,auto,499,50,9.480682373046875,completed
fteqm_0.90,cifar10,0.9,auto,499,100,8.230273246765137,completed
fteqm_0.90,cifar10,0.9,auto,599,4,414.5489501953125,completed
fteqm_0.90,cifar10,0.9,auto,599,10,219.51654052734375,completed
fteqm_0.90,cifar10,0.9,auto,599,20,22.378999710083008,completed
fteqm_0.90,cifar10,0.9,auto,599,50,8.456207275390625,completed
fteqm_0.90,cifar10,0.9,auto,599,100,7.510450839996338,completed
fteqm_0.90,cifar10,0.9,auto,699,4,407.597412109375,completed
fteqm_0.90,cifar10,0.9,auto,699,10,216.26931762695312,completed
fteqm_0.90,cifar10,0.9,auto,699,20,24.18922996520996,completed
fteqm_0.90,cifar10,0.9,auto,699,50,7.210571765899658,completed
fteqm_0.90,cifar10,0.9,auto,699,100,6.155556678771973,completed
fteqm_0.90,cifar10,0.9,auto,799,4,410.991943359375,completed
fteqm_0.90,cifar10,0.9,auto,799,10,233.07984924316406,completed
fteqm_0.90,cifar10,0.9,auto,799,20,29.731624603271484,completed
fteqm_0.90,cifar10,0.9,auto,799,50,8.781024932861328,completed
fteqm_0.90,cifar10,0.9,auto,799,100,7.372128963470459,completed
fteqm_0.90,cifar10,0.9,auto,899,4,416.94830322265625,completed
fteqm_0.90,cifar10,0.9,auto,899,10,248.3915557861328,completed
fteqm_0.90,cifar10,0.9,auto,899,20,35.64983367919922,completed
fteqm_0.90,cifar10,0.9,auto,899,50,9.230024337768555,completed
fteqm_0.90,cifar10,0.9,auto,899,100,7.396186828613281,completed
