run_id,exp_name,dataset,seed,stage,checkpoint_epoch,path_family,clock_family,clock_param_name,clock_param_value,solver,nfe,step_count,real_samples,synthetic_samples,metric,value,status,artifact_group,strategy_id,model_output_type,time_sampling_strategy,mixed_lambda,stratified_bins
linear_ft_beta_0_3_strategy_A_euler:ep499:nfe4:fid,linear_ft_beta_0_3_strategy_A_euler,cifar10,0,eval,499,linear,ft_beta,beta,0.3,euler,4,4,12500,12500,fid,206.58538818359375,completed,ft_clock_variance_reduction_ablation,A,velocity,uniform,0.5,16
linear_ft_beta_0_3_strategy_A_euler:ep499:nfe8:fid,linear_ft_beta_0_3_strategy_A_euler,cifar10,0,eval,499,linear,ft_beta,beta,0.3,euler,8,8,12500,12500,fid,115.42350769042969,completed,ft_clock_variance_reduction_ablation,A,velocity,uniform,0.5,16
linear_ft_beta_0_3_strategy_A_euler:ep499:nfe16:fid,linear_ft_beta_0_3_strategy_A_euler,cifar10,0,eval,499,linear,ft_beta,beta,0.3,euler,16,16,12500,12500,fid,62.088829040527344,completed,ft_clock_variance_reduction_ablation,A,velocity,uniform,0.5,16
linear_ft_beta_0_3_strategy_A_euler:ep499:nfe32:fid,linear_ft_beta_0_3_strategy_A_euler,cifar10,0,eval,499,linear,ft_beta,beta,0.3,euler,32,32,12500,12500,fid,29.57868766784668,completed,ft_clock_variance_reduction_ablation,A,velocity,uniform,0.5,16
linear_ft_beta_0_3_strategy_A_euler:ep499:nfe100:fid,linear_ft_beta_0_3_strategy_A_euler,cifar10,0,eval,499,linear,ft_beta,beta,0.3,euler,100,100,12500,12500,fid,6.947024822235107,completed,ft_clock_variance_reduction_ablation,A,velocity,uniform,0.5,16
linear_ft_beta_0_3_strategy_A_heun2:ep499:nfe4:fid,linear_ft_beta_0_3_strategy_A_heun2,cifar10,0,eval,499,linear,ft_beta,beta,0.3,heun2,4,2,12500,12500,fid,180.20855712890625,completed,ft_clock_variance_reduction_ablation,A,velocity,uniform,0.5,16
linear_ft_beta_0_3_strategy_A_heun2:ep499:nfe8:fid,linear_ft_beta_0_3_strategy_A_heun2,cifar10,0,eval,499,linear,ft_beta,beta,0.3,heun2,8,4,12500,12500,fid,15.602807998657227,completed,ft_clock_variance_reduction_ablation,A,velocity,uniform,0.5,16
linear_ft_beta_0_3_strategy_A_heun2:ep499:nfe16:fid,linear_ft_beta_0_3_strategy_A_heun2,cifar10,0,eval,499,linear,ft_beta,beta,0.3,heun2,16,8,12500,12500,fid,6.873931407928467,completed,ft_clock_variance_reduction_ablation,A,velocity,uniform,0.5,16
linear_ft_beta_0_3_strategy_A_heun2:ep499:nfe32:fid,linear_ft_beta_0_3_strategy_A_heun2,cifar10,0,eval,499,linear,ft_beta,beta,0.3,heun2,32,16,12500,12500,fid,7.397774696350098,completed,ft_clock_variance_reduction_ablation,A,velocity,uniform,0.5,16
linear_ft_beta_0_3_strategy_A_heun2:ep499:nfe100:fid,linear_ft_beta_0_3_strategy_A_heun2,cifar10,0,eval,499,linear,ft_beta,beta,0.3,heun2,100,50,12500,12500,fid,8.954672813415527,completed,ft_clock_variance_reduction_ablation,A,velocity,uniform,0.5,16
linear_ft_beta_0_3_strategy_A_stork4:ep499:nfe4:fid,linear_ft_beta_0_3_strategy_A_stork4,cifar10,0,eval,499,linear,ft_beta,beta,0.3,stork4,4,4,12500,12500,fid,134.15509033203125,completed,ft_clock_variance_reduction_ablation,A,velocity,uniform,0.5,16
linear_ft_beta_0_3_strategy_A_stork4:ep499:nfe8:fid,linear_ft_beta_0_3_strategy_A_stork4,cifar10,0,eval,499,linear,ft_beta,beta,0.3,stork4,8,8,12500,12500,fid,57.799869537353516,completed,ft_clock_variance_reduction_ablation,A,velocity,uniform,0.5,16
linear_ft_beta_0_3_strategy_A_stork4:ep499:nfe16:fid,linear_ft_beta_0_3_strategy_A_stork4,cifar10,0,eval,499,linear,ft_beta,beta,0.3,stork4,16,16,12500,12500,fid,22.756813049316406,completed,ft_clock_variance_reduction_ablation,A,velocity,uniform,0.5,16
linear_ft_beta_0_3_strategy_A_stork4:ep499:nfe32:fid,linear_ft_beta_0_3_strategy_A_stork4,cifar10,0,eval,499,linear,ft_beta,beta,0.3,stork4,32,32,12500,12500,fid,7.839868545532227,completed,ft_clock_variance_reduction_ablation,A,velocity,uniform,0.5,16
linear_ft_beta_0_3_strategy_A_stork4:ep499:nfe100:fid,linear_ft_beta_0_3_strategy_A_stork4,cifar10,0,eval,499,linear,ft_beta,beta,0.3,stork4,100,100,12500,12500,fid,6.960175037384033,completed,ft_clock_variance_reduction_ablation,A,velocity,uniform,0.5,16
linear_ft_beta_0_5_strategy_A_euler:ep499:nfe4:fid,linear_ft_beta_0_5_strategy_A_euler,cifar10,0,eval,499,linear,ft_beta,beta,0.5,euler,4,4,12500,12500,fid,50.37171173095703,completed,ft_clock_variance_reduction_ablation,A,velocity,uniform,0.5,16
linear_ft_beta_0_5_strategy_A_euler:ep499:nfe8:fid,linear_ft_beta_0_5_strategy_A_euler,cifar10,0,eval,499,linear,ft_beta,beta,0.5,euler,8,8,12500,12500,fid,17.716405868530273,completed,ft_clock_variance_reduction_ablation,A,velocity,uniform,0.5,16
linear_ft_beta_0_5_strategy_A_euler:ep499:nfe16:fid,linear_ft_beta_0_5_strategy_A_euler,cifar10,0,eval,499,linear,ft_beta,beta,0.5,euler,16,16,12500,12500,fid,11.080925941467285,completed,ft_clock_variance_reduction_ablation,A,velocity,uniform,0.5,16
linear_ft_beta_0_5_strategy_A_euler:ep499:nfe32:fid,linear_ft_beta_0_5_strategy_A_euler,cifar10,0,eval,499,linear,ft_beta,beta,0.5,euler,32,32,12500,12500,fid,9.355827331542969,completed,ft_clock_variance_reduction_ablation,A,velocity,uniform,0.5,16
linear_ft_beta_0_5_strategy_A_euler:ep499:nfe100:fid,linear_ft_beta_0_5_strategy_A_euler,cifar10,0,eval,499,linear,ft_beta,beta,0.5,euler,100,100,12500,12500,fid,8.214176177978516,completed,ft_clock_variance_reduction_ablation,A,velocity,uniform,0.5,16
linear_ft_beta_0_5_strategy_A_heun2:ep499:nfe4:fid,linear_ft_beta_0_5_strategy_A_heun2,cifar10,0,eval,499,linear,ft_beta,beta,0.5,heun2,4,2,12500,12500,fid,269.8371276855469,completed,ft_clock_variance_reduction_ablation,A,velocity,uniform,0.5,16
linear_ft_beta_0_5_strategy_A_heun2:ep499:nfe8:fid,linear_ft_beta_0_5_strategy_A_heun2,cifar10,0,eval,499,linear,ft_beta,beta,0.5,heun2,8,4,12500,12500,fid,115.17782592773438,completed,ft_clock_variance_reduction_ablation,A,velocity,uniform,0.5,16
linear_ft_beta_0_5_strategy_A_heun2:ep499:nfe16:fid,linear_ft_beta_0_5_strategy_A_heun2,cifar10,0,eval,499,linear,ft_beta,beta,0.5,heun2,16,8,12500,12500,fid,47.71796798706055,completed,ft_clock_variance_reduction_ablation,A,velocity,uniform,0.5,16
linear_ft_beta_0_5_strategy_A_heun2:ep499:nfe32:fid,linear_ft_beta_0_5_strategy_A_heun2,cifar10,0,eval,499,linear,ft_beta,beta,0.5,heun2,32,16,12500,12500,fid,19.199052810668945,completed,ft_clock_variance_reduction_ablation,A,velocity,uniform,0.5,16
linear_ft_beta_0_5_strategy_A_heun2:ep499:nfe100:fid,linear_ft_beta_0_5_strategy_A_heun2,cifar10,0,eval,499,linear,ft_beta,beta,0.5,heun2,100,50,12500,12500,fid,7.585979461669922,completed,ft_clock_variance_reduction_ablation,A,velocity,uniform,0.5,16
linear_ft_beta_0_5_strategy_A_stork4:ep499:nfe4:fid,linear_ft_beta_0_5_strategy_A_stork4,cifar10,0,eval,499,linear,ft_beta,beta,0.5,stork4,4,4,12500,12500,fid,28.152299880981445,completed,ft_clock_variance_reduction_ablation,A,velocity,uniform,0.5,16
linear_ft_beta_0_5_strategy_A_stork4:ep499:nfe8:fid,linear_ft_beta_0_5_strategy_A_stork4,cifar10,0,eval,499,linear,ft_beta,beta,0.5,stork4,8,8,12500,12500,fid,12.280324935913086,completed,ft_clock_variance_reduction_ablation,A,velocity,uniform,0.5,16
linear_ft_beta_0_5_strategy_A_stork4:ep499:nfe16:fid,linear_ft_beta_0_5_strategy_A_stork4,cifar10,0,eval,499,linear,ft_beta,beta,0.5,stork4,16,16,12500,12500,fid,10.832201957702637,completed,ft_clock_variance_reduction_ablation,A,velocity,uniform,0.5,16
linear_ft_beta_0_5_strategy_A_stork4:ep499:nfe32:fid,linear_ft_beta_0_5_strategy_A_stork4,cifar10,0,eval,499,linear,ft_beta,beta,0.5,stork4,32,32,12500,12500,fid,9.542040824890137,completed,ft_clock_variance_reduction_ablation,A,velocity,uniform,0.5,16
linear_ft_beta_0_5_strategy_A_stork4:ep499:nfe100:fid,linear_ft_beta_0_5_strategy_A_stork4,cifar10,0,eval,499,linear,ft_beta,beta,0.5,stork4,100,100,12500,12500,fid,8.05416488647461,completed,ft_clock_variance_reduction_ablation,A,velocity,uniform,0.5,16
linear_ft_beta_0_7_strategy_A_euler:ep499:nfe4:fid,linear_ft_beta_0_7_strategy_A_euler,cifar10,0,eval,499,linear,ft_beta,beta,0.7,euler,4,4,12500,12500,fid,233.80508422851562,completed,ft_clock_variance_reduction_ablation,A,velocity,uniform,0.5,16
linear_ft_beta_0_7_strategy_A_euler:ep499:nfe8:fid,linear_ft_beta_0_7_strategy_A_euler,cifar10,0,eval,499,linear,ft_beta,beta,0.7,euler,8,8,12500,12500,fid,53.39053726196289,completed,ft_clock_variance_reduction_ablation,A,velocity,uniform,0.5,16
linear_ft_beta_0_7_strategy_A_euler:ep499:nfe16:fid,linear_ft_beta_0_7_strategy_A_euler,cifar10,0,eval,499,linear,ft_beta,beta,0.7,euler,16,16,12500,12500,fid,27.508224487304688,completed,ft_clock_variance_reduction_ablation,A,velocity,uniform,0.5,16
linear_ft_beta_0_7_strategy_A_euler:ep499:nfe32:fid,linear_ft_beta_0_7_strategy_A_euler,cifar10,0,eval,499,linear,ft_beta,beta,0.7,euler,32,32,12500,12500,fid,18.91012954711914,completed,ft_clock_variance_reduction_ablation,A,velocity,uniform,0.5,16
linear_ft_beta_0_7_strategy_A_euler:ep499:nfe100:fid,linear_ft_beta_0_7_strategy_A_euler,cifar10,0,eval,499,linear,ft_beta,beta,0.7,euler,100,100,12500,12500,fid,14.726029396057129,completed,ft_clock_variance_reduction_ablation,A,velocity,uniform,0.5,16
linear_ft_beta_0_7_strategy_A_heun2:ep499:nfe4:fid,linear_ft_beta_0_7_strategy_A_heun2,cifar10,0,eval,499,linear,ft_beta,beta,0.7,heun2,4,2,12500,12500,fid,282.0395202636719,completed,ft_clock_variance_reduction_ablation,A,velocity,uniform,0.5,16
linear_ft_beta_0_7_strategy_A_heun2:ep499:nfe8:fid,linear_ft_beta_0_7_strategy_A_heun2,cifar10,0,eval,499,linear,ft_beta,beta,0.7,heun2,8,4,12500,12500,fid,82.19706726074219,completed,ft_clock_variance_reduction_ablation,A,velocity,uniform,0.5,16
linear_ft_beta_0_7_strategy_A_heun2:ep499:nfe16:fid,linear_ft_beta_0_7_strategy_A_heun2,cifar10,0,eval,499,linear,ft_beta,beta,0.7,heun2,16,8,12500,12500,fid,16.481353759765625,completed,ft_clock_variance_reduction_ablation,A,velocity,uniform,0.5,16
linear_ft_beta_0_7_strategy_A_heun2:ep499:nfe32:fid,linear_ft_beta_0_7_strategy_A_heun2,cifar10,0,eval,499,linear,ft_beta,beta,0.7,heun2,32,16,12500,12500,fid,11.600310325622559,completed,ft_clock_variance_reduction_ablation,A,velocity,uniform,0.5,16
linear_ft_beta_0_7_strategy_A_heun2:ep499:nfe100:fid,linear_ft_beta_0_7_strategy_A_heun2,cifar10,0,eval,499,linear,ft_beta,beta,0.7,heun2,100,50,12500,12500,fid,13.378167152404785,completed,ft_clock_variance_reduction_ablation,A,velocity,uniform,0.5,16
linear_ft_beta_0_7_strategy_A_stork4:ep499:nfe4:fid,linear_ft_beta_0_7_strategy_A_stork4,cifar10,0,eval,499,linear,ft_beta,beta,0.7,stork4,4,4,12500,12500,fid,63.81670379638672,completed,ft_clock_variance_reduction_ablation,A,velocity,uniform,0.5,16
linear_ft_beta_0_7_strategy_A_stork4:ep499:nfe8:fid,linear_ft_beta_0_7_strategy_A_stork4,cifar10,0,eval,499,linear,ft_beta,beta,0.7,stork4,8,8,12500,12500,fid,19.469133377075195,completed,ft_clock_variance_reduction_ablation,A,velocity,uniform,0.5,16
linear_ft_beta_0_7_strategy_A_stork4:ep499:nfe16:fid,linear_ft_beta_0_7_strategy_A_stork4,cifar10,0,eval,499,linear,ft_beta,beta,0.7,stork4,16,16,12500,12500,fid,13.74647045135498,completed,ft_clock_variance_reduction_ablation,A,velocity,uniform,0.5,16
linear_ft_beta_0_7_strategy_A_stork4:ep499:nfe32:fid,linear_ft_beta_0_7_strategy_A_stork4,cifar10,0,eval,499,linear,ft_beta,beta,0.7,stork4,32,32,12500,12500,fid,13.09481143951416,completed,ft_clock_variance_reduction_ablation,A,velocity,uniform,0.5,16
linear_ft_beta_0_7_strategy_A_stork4:ep499:nfe100:fid,linear_ft_beta_0_7_strategy_A_stork4,cifar10,0,eval,499,linear,ft_beta,beta,0.7,stork4,100,100,12500,12500,fid,13.415340423583984,completed,ft_clock_variance_reduction_ablation,A,velocity,uniform,0.5,16
linear_ft_beta_0_3_strategy_B_heun2:ep499:nfe4:fid,linear_ft_beta_0_3_strategy_B_heun2,cifar10,0,eval,499,linear,ft_beta,beta,0.3,heun2,4,2,12500,12500,fid,207.49412536621094,completed,ft_clock_variance_reduction_ablation,B,base_velocity,ds_dr_sq,0.5,16
linear_ft_beta_0_3_strategy_B_heun2:ep499:nfe8:fid,linear_ft_beta_0_3_strategy_B_heun2,cifar10,0,eval,499,linear,ft_beta,beta,0.3,heun2,8,4,12500,12500,fid,117.13705444335938,completed,ft_clock_variance_reduction_ablation,B,base_velocity,ds_dr_sq,0.5,16
linear_ft_beta_0_3_strategy_B_heun2:ep499:nfe16:fid,linear_ft_beta_0_3_strategy_B_heun2,cifar10,0,eval,499,linear,ft_beta,beta,0.3,heun2,16,8,12500,12500,fid,74.64720916748047,completed,ft_clock_variance_reduction_ablation,B,base_velocity,ds_dr_sq,0.5,16
linear_ft_beta_0_3_strategy_B_heun2:ep499:nfe32:fid,linear_ft_beta_0_3_strategy_B_heun2,cifar10,0,eval,499,linear,ft_beta,beta,0.3,heun2,32,16,12500,12500,fid,29.623807907104492,completed,ft_clock_variance_reduction_ablation,B,base_velocity,ds_dr_sq,0.5,16
linear_ft_beta_0_3_strategy_B_heun2:ep499:nfe100:fid,linear_ft_beta_0_3_strategy_B_heun2,cifar10,0,eval,499,linear,ft_beta,beta,0.3,heun2,100,50,12500,12500,fid,8.196075439453125,completed,ft_clock_variance_reduction_ablation,B,base_velocity,ds_dr_sq,0.5,16
linear_ft_beta_0_5_strategy_B_heun2:ep499:nfe4:fid,linear_ft_beta_0_5_strategy_B_heun2,cifar10,0,eval,499,linear,ft_beta,beta,0.5,heun2,4,2,12500,12500,fid,257.58282470703125,completed,ft_clock_variance_reduction_ablation,B,base_velocity,ds_dr_sq,0.5,16
linear_ft_beta_0_5_strategy_B_heun2:ep499:nfe8:fid,linear_ft_beta_0_5_strategy_B_heun2,cifar10,0,eval,499,linear,ft_beta,beta,0.5,heun2,8,4,12500,12500,fid,92.33700561523438,completed,ft_clock_variance_reduction_ablation,B,base_velocity,ds_dr_sq,0.5,16
linear_ft_beta_0_5_strategy_B_heun2:ep499:nfe16:fid,linear_ft_beta_0_5_strategy_B_heun2,cifar10,0,eval,499,linear,ft_beta,beta,0.5,heun2,16,8,12500,12500,fid,53.764591217041016,completed,ft_clock_variance_reduction_ablation,B,base_velocity,ds_dr_sq,0.5,16
linear_ft_beta_0_5_strategy_B_heun2:ep499:nfe32:fid,linear_ft_beta_0_5_strategy_B_heun2,cifar10,0,eval,499,linear,ft_beta,beta,0.5,heun2,32,16,12500,12500,fid,19.598159790039062,completed,ft_clock_variance_reduction_ablation,B,base_velocity,ds_dr_sq,0.5,16
linear_ft_beta_0_5_strategy_B_heun2:ep499:nfe100:fid,linear_ft_beta_0_5_strategy_B_heun2,cifar10,0,eval,499,linear,ft_beta,beta,0.5,heun2,100,50,12500,12500,fid,7.140439987182617,completed,ft_clock_variance_reduction_ablation,B,base_velocity,ds_dr_sq,0.5,16
linear_ft_beta_0_7_strategy_B_heun2:ep499:nfe4:fid,linear_ft_beta_0_7_strategy_B_heun2,cifar10,0,eval,499,linear,ft_beta,beta,0.7,heun2,4,2,12500,12500,fid,292.5900573730469,completed,ft_clock_variance_reduction_ablation,B,base_velocity,ds_dr_sq,0.5,16
linear_ft_beta_0_7_strategy_B_heun2:ep499:nfe8:fid,linear_ft_beta_0_7_strategy_B_heun2,cifar10,0,eval,499,linear,ft_beta,beta,0.7,heun2,8,4,12500,12500,fid,137.064208984375,completed,ft_clock_variance_reduction_ablation,B,base_velocity,ds_dr_sq,0.5,16
linear_ft_beta_0_7_strategy_B_heun2:ep499:nfe16:fid,linear_ft_beta_0_7_strategy_B_heun2,cifar10,0,eval,499,linear,ft_beta,beta,0.7,heun2,16,8,12500,12500,fid,27.229293823242188,completed,ft_clock_variance_reduction_ablation,B,base_velocity,ds_dr_sq,0.5,16
linear_ft_beta_0_7_strategy_B_heun2:ep499:nfe32:fid,linear_ft_beta_0_7_strategy_B_heun2,cifar10,0,eval,499,linear,ft_beta,beta,0.7,heun2,32,16,12500,12500,fid,9.84640121459961,completed,ft_clock_variance_reduction_ablation,B,base_velocity,ds_dr_sq,0.5,16
linear_ft_beta_0_7_strategy_B_heun2:ep499:nfe100:fid,linear_ft_beta_0_7_strategy_B_heun2,cifar10,0,eval,499,linear,ft_beta,beta,0.7,heun2,100,50,12500,12500,fid,8.63432788848877,completed,ft_clock_variance_reduction_ablation,B,base_velocity,ds_dr_sq,0.5,16
linear_ft_beta_0_3_strategy_C_lambda_0_5_heun2:ep499:nfe4:fid,linear_ft_beta_0_3_strategy_C_lambda_0_5_heun2,cifar10,0,eval,499,linear,ft_beta,beta,0.3,heun2,4,2,12500,12500,fid,179.02926635742188,completed,ft_clock_variance_reduction_ablation,C,velocity,mixed_lambda,0.5,16
linear_ft_beta_0_3_strategy_C_lambda_0_5_heun2:ep499:nfe8:fid,linear_ft_beta_0_3_strategy_C_lambda_0_5_heun2,cifar10,0,eval,499,linear,ft_beta,beta,0.3,heun2,8,4,12500,12500,fid,30.170900344848633,completed,ft_clock_variance_reduction_ablation,C,velocity,mixed_lambda,0.5,16
linear_ft_beta_0_3_strategy_C_lambda_0_5_heun2:ep499:nfe16:fid,linear_ft_beta_0_3_strategy_C_lambda_0_5_heun2,cifar10,0,eval,499,linear,ft_beta,beta,0.3,heun2,16,8,12500,12500,fid,17.697219848632812,completed,ft_clock_variance_reduction_ablation,C,velocity,mixed_lambda,0.5,16
linear_ft_beta_0_3_strategy_C_lambda_0_5_heun2:ep499:nfe32:fid,linear_ft_beta_0_3_strategy_C_lambda_0_5_heun2,cifar10,0,eval,499,linear,ft_beta,beta,0.3,heun2,32,16,12500,12500,fid,17.136667251586914,completed,ft_clock_variance_reduction_ablation,C,velocity,mixed_lambda,0.5,16
linear_ft_beta_0_3_strategy_C_lambda_0_5_heun2:ep499:nfe100:fid,linear_ft_beta_0_3_strategy_C_lambda_0_5_heun2,cifar10,0,eval,499,linear,ft_beta,beta,0.3,heun2,100,50,12500,12500,fid,18.52008056640625,completed,ft_clock_variance_reduction_ablation,C,velocity,mixed_lambda,0.5,16
linear_ft_beta_0_3_strategy_C_lambda_0_7_heun2:ep499:nfe4:fid,linear_ft_beta_0_3_strategy_C_lambda_0_7_heun2,cifar10,0,eval,499,linear,ft_beta,beta,0.3,heun2,4,2,12500,12500,fid,189.66986083984375,completed,ft_clock_variance_reduction_ablation,C,velocity,mixed_lambda,0.7,16
linear_ft_beta_0_3_strategy_C_lambda_0_7_heun2:ep499:nfe8:fid,linear_ft_beta_0_3_strategy_C_lambda_0_7_heun2,cifar10,0,eval,499,linear,ft_beta,beta,0.3,heun2,8,4,12500,12500,fid,48.992835998535156,completed,ft_clock_variance_reduction_ablation,C,velocity,mixed_lambda,0.7,16
linear_ft_beta_0_3_strategy_C_lambda_0_7_heun2:ep499:nfe16:fid,linear_ft_beta_0_3_strategy_C_lambda_0_7_heun2,cifar10,0,eval,499,linear,ft_beta,beta,0.3,heun2,16,8,12500,12500,fid,25.270591735839844,completed,ft_clock_variance_reduction_ablation,C,velocity,mixed_lambda,0.7,16
linear_ft_beta_0_3_strategy_C_lambda_0_7_heun2:ep499:nfe32:fid,linear_ft_beta_0_3_strategy_C_lambda_0_7_heun2,cifar10,0,eval,499,linear,ft_beta,beta,0.3,heun2,32,16,12500,12500,fid,23.395450592041016,completed,ft_clock_variance_reduction_ablation,C,velocity,mixed_lambda,0.7,16
linear_ft_beta_0_3_strategy_C_lambda_0_7_heun2:ep499:nfe100:fid,linear_ft_beta_0_3_strategy_C_lambda_0_7_heun2,cifar10,0,eval,499,linear,ft_beta,beta,0.3,heun2,100,50,12500,12500,fid,24.755563735961914,completed,ft_clock_variance_reduction_ablation,C,velocity,mixed_lambda,0.7,16
linear_ft_beta_0_5_strategy_C_lambda_0_5_heun2:ep499:nfe4:fid,linear_ft_beta_0_5_strategy_C_lambda_0_5_heun2,cifar10,0,eval,499,linear,ft_beta,beta,0.5,heun2,4,2,12500,12500,fid,250.33673095703125,completed,ft_clock_variance_reduction_ablation,C,velocity,mixed_lambda,0.5,16
linear_ft_beta_0_5_strategy_C_lambda_0_5_heun2:ep499:nfe8:fid,linear_ft_beta_0_5_strategy_C_lambda_0_5_heun2,cifar10,0,eval,499,linear,ft_beta,beta,0.5,heun2,8,4,12500,12500,fid,80.6341781616211,completed,ft_clock_variance_reduction_ablation,C,velocity,mixed_lambda,0.5,16
linear_ft_beta_0_5_strategy_C_lambda_0_5_heun2:ep499:nfe16:fid,linear_ft_beta_0_5_strategy_C_lambda_0_5_heun2,cifar10,0,eval,499,linear,ft_beta,beta,0.5,heun2,16,8,12500,12500,fid,24.1789493560791,completed,ft_clock_variance_reduction_ablation,C,velocity,mixed_lambda,0.5,16
linear_ft_beta_0_5_strategy_C_lambda_0_5_heun2:ep499:nfe32:fid,linear_ft_beta_0_5_strategy_C_lambda_0_5_heun2,cifar10,0,eval,499,linear,ft_beta,beta,0.5,heun2,32,16,12500,12500,fid,8.86392879486084,completed,ft_clock_variance_reduction_ablation,C,velocity,mixed_lambda,0.5,16
linear_ft_beta_0_5_strategy_C_lambda_0_5_heun2:ep499:nfe100:fid,linear_ft_beta_0_5_strategy_C_lambda_0_5_heun2,cifar10,0,eval,499,linear,ft_beta,beta,0.5,heun2,100,50,12500,12500,fid,4.937922954559326,completed,ft_clock_variance_reduction_ablation,C,velocity,mixed_lambda,0.5,16
linear_ft_beta_0_5_strategy_C_lambda_0_7_heun2:ep499:nfe4:fid,linear_ft_beta_0_5_strategy_C_lambda_0_7_heun2,cifar10,0,eval,499,linear,ft_beta,beta,0.5,heun2,4,2,12500,12500,fid,253.0562286376953,completed,ft_clock_variance_reduction_ablation,C,velocity,mixed_lambda,0.7,16
linear_ft_beta_0_5_strategy_C_lambda_0_7_heun2:ep499:nfe8:fid,linear_ft_beta_0_5_strategy_C_lambda_0_7_heun2,cifar10,0,eval,499,linear,ft_beta,beta,0.5,heun2,8,4,12500,12500,fid,87.71935272216797,completed,ft_clock_variance_reduction_ablation,C,velocity,mixed_lambda,0.7,16
linear_ft_beta_0_5_strategy_C_lambda_0_7_heun2:ep499:nfe16:fid,linear_ft_beta_0_5_strategy_C_lambda_0_7_heun2,cifar10,0,eval,499,linear,ft_beta,beta,0.5,heun2,16,8,12500,12500,fid,32.146583557128906,completed,ft_clock_variance_reduction_ablation,C,velocity,mixed_lambda,0.7,16
linear_ft_beta_0_5_strategy_C_lambda_0_7_heun2:ep499:nfe32:fid,linear_ft_beta_0_5_strategy_C_lambda_0_7_heun2,cifar10,0,eval,499,linear,ft_beta,beta,0.5,heun2,32,16,12500,12500,fid,12.014469146728516,completed,ft_clock_variance_reduction_ablation,C,velocity,mixed_lambda,0.7,16
linear_ft_beta_0_5_strategy_C_lambda_0_7_heun2:ep499:nfe100:fid,linear_ft_beta_0_5_strategy_C_lambda_0_7_heun2,cifar10,0,eval,499,linear,ft_beta,beta,0.5,heun2,100,50,12500,12500,fid,5.1379780769348145,completed,ft_clock_variance_reduction_ablation,C,velocity,mixed_lambda,0.7,16
linear_ft_beta_0_7_strategy_C_lambda_0_5_heun2:ep499:nfe4:fid,linear_ft_beta_0_7_strategy_C_lambda_0_5_heun2,cifar10,0,eval,499,linear,ft_beta,beta,0.7,heun2,4,2,12500,12500,fid,305.55810546875,completed,ft_clock_variance_reduction_ablation,C,velocity,mixed_lambda,0.5,16
linear_ft_beta_0_7_strategy_C_lambda_0_5_heun2:ep499:nfe8:fid,linear_ft_beta_0_7_strategy_C_lambda_0_5_heun2,cifar10,0,eval,499,linear,ft_beta,beta,0.7,heun2,8,4,12500,12500,fid,87.79131317138672,completed,ft_clock_variance_reduction_ablation,C,velocity,mixed_lambda,0.5,16
linear_ft_beta_0_7_strategy_C_lambda_0_5_heun2:ep499:nfe16:fid,linear_ft_beta_0_7_strategy_C_lambda_0_5_heun2,cifar10,0,eval,499,linear,ft_beta,beta,0.7,heun2,16,8,12500,12500,fid,17.067333221435547,completed,ft_clock_variance_reduction_ablation,C,velocity,mixed_lambda,0.5,16
linear_ft_beta_0_7_strategy_C_lambda_0_5_heun2:ep499:nfe32:fid,linear_ft_beta_0_7_strategy_C_lambda_0_5_heun2,cifar10,0,eval,499,linear,ft_beta,beta,0.7,heun2,32,16,12500,12500,fid,11.057833671569824,completed,ft_clock_variance_reduction_ablation,C,velocity,mixed_lambda,0.5,16
linear_ft_beta_0_7_strategy_C_lambda_0_5_heun2:ep499:nfe100:fid,linear_ft_beta_0_7_strategy_C_lambda_0_5_heun2,cifar10,0,eval,499,linear,ft_beta,beta,0.7,heun2,100,50,12500,12500,fid,10.51740550994873,completed,ft_clock_variance_reduction_ablation,C,velocity,mixed_lambda,0.5,16
linear_ft_beta_0_7_strategy_C_lambda_0_7_heun2:ep499:nfe4:fid,linear_ft_beta_0_7_strategy_C_lambda_0_7_heun2,cifar10,0,eval,499,linear,ft_beta,beta,0.7,heun2,4,2,12500,12500,fid,307.0448913574219,completed,ft_clock_variance_reduction_ablation,C,velocity,mixed_lambda,0.7,16
linear_ft_beta_0_7_strategy_C_lambda_0_7_heun2:ep499:nfe8:fid,linear_ft_beta_0_7_strategy_C_lambda_0_7_heun2,cifar10,0,eval,499,linear,ft_beta,beta,0.7,heun2,8,4,12500,12500,fid,97.8940658569336,completed,ft_clock_variance_reduction_ablation,C,velocity,mixed_lambda,0.7,16
linear_ft_beta_0_7_strategy_C_lambda_0_7_heun2:ep499:nfe16:fid,linear_ft_beta_0_7_strategy_C_lambda_0_7_heun2,cifar10,0,eval,499,linear,ft_beta,beta,0.7,heun2,16,8,12500,12500,fid,19.88437843322754,completed,ft_clock_variance_reduction_ablation,C,velocity,mixed_lambda,0.7,16
linear_ft_beta_0_7_strategy_C_lambda_0_7_heun2:ep499:nfe32:fid,linear_ft_beta_0_7_strategy_C_lambda_0_7_heun2,cifar10,0,eval,499,linear,ft_beta,beta,0.7,heun2,32,16,12500,12500,fid,11.130393981933594,completed,ft_clock_variance_reduction_ablation,C,velocity,mixed_lambda,0.7,16
linear_ft_beta_0_7_strategy_C_lambda_0_7_heun2:ep499:nfe100:fid,linear_ft_beta_0_7_strategy_C_lambda_0_7_heun2,cifar10,0,eval,499,linear,ft_beta,beta,0.7,heun2,100,50,12500,12500,fid,11.477450370788574,completed,ft_clock_variance_reduction_ablation,C,velocity,mixed_lambda,0.7,16
linear_ft_beta_0_3_strategy_D_heun2:ep499:nfe4:fid,linear_ft_beta_0_3_strategy_D_heun2,cifar10,0,eval,499,linear,ft_beta,beta,0.3,heun2,4,2,12500,12500,fid,183.19000244140625,completed,ft_clock_variance_reduction_ablation,D,velocity,stratified,0.5,16
linear_ft_beta_0_3_strategy_D_heun2:ep499:nfe8:fid,linear_ft_beta_0_3_strategy_D_heun2,cifar10,0,eval,499,linear,ft_beta,beta,0.3,heun2,8,4,12500,12500,fid,20.578792572021484,completed,ft_clock_variance_reduction_ablation,D,velocity,stratified,0.5,16
linear_ft_beta_0_3_strategy_D_heun2:ep499:nfe16:fid,linear_ft_beta_0_3_strategy_D_heun2,cifar10,0,eval,499,linear,ft_beta,beta,0.3,heun2,16,8,12500,12500,fid,8.91055679321289,completed,ft_clock_variance_reduction_ablation,D,velocity,stratified,0.5,16
linear_ft_beta_0_3_strategy_D_heun2:ep499:nfe32:fid,linear_ft_beta_0_3_strategy_D_heun2,cifar10,0,eval,499,linear,ft_beta,beta,0.3,heun2,32,16,12500,12500,fid,9.87514591217041,completed,ft_clock_variance_reduction_ablation,D,velocity,stratified,0.5,16
linear_ft_beta_0_3_strategy_D_heun2:ep499:nfe100:fid,linear_ft_beta_0_3_strategy_D_heun2,cifar10,0,eval,499,linear,ft_beta,beta,0.3,heun2,100,50,12500,12500,fid,11.72783088684082,completed,ft_clock_variance_reduction_ablation,D,velocity,stratified,0.5,16
linear_ft_beta_0_3_strategy_F_heun2:ep499:nfe4:fid,linear_ft_beta_0_3_strategy_F_heun2,cifar10,0,eval,499,linear,ft_beta,beta,0.3,heun2,4,2,12500,12500,fid,139.651123046875,completed,ft_clock_variance_reduction_ablation,F,velocity,curriculum,0.5,16
linear_ft_beta_0_3_strategy_F_heun2:ep499:nfe8:fid,linear_ft_beta_0_3_strategy_F_heun2,cifar10,0,eval,499,linear,ft_beta,beta,0.3,heun2,8,4,12500,12500,fid,19.354360580444336,completed,ft_clock_variance_reduction_ablation,F,velocity,curriculum,0.5,16
linear_ft_beta_0_3_strategy_F_heun2:ep499:nfe16:fid,linear_ft_beta_0_3_strategy_F_heun2,cifar10,0,eval,499,linear,ft_beta,beta,0.3,heun2,16,8,12500,12500,fid,12.902779579162598,completed,ft_clock_variance_reduction_ablation,F,velocity,curriculum,0.5,16
linear_ft_beta_0_3_strategy_F_heun2:ep499:nfe32:fid,linear_ft_beta_0_3_strategy_F_heun2,cifar10,0,eval,499,linear,ft_beta,beta,0.3,heun2,32,16,12500,12500,fid,12.8517484664917,completed,ft_clock_variance_reduction_ablation,F,velocity,curriculum,0.5,16
linear_ft_beta_0_3_strategy_F_heun2:ep499:nfe100:fid,linear_ft_beta_0_3_strategy_F_heun2,cifar10,0,eval,499,linear,ft_beta,beta,0.3,heun2,100,50,12500,12500,fid,14.097745895385742,completed,ft_clock_variance_reduction_ablation,F,velocity,curriculum,0.5,16
linear_ft_beta_0_5_strategy_F_heun2:ep499:nfe4:fid,linear_ft_beta_0_5_strategy_F_heun2,cifar10,0,eval,499,linear,ft_beta,beta,0.5,heun2,4,2,12500,12500,fid,258.4444885253906,completed,ft_clock_variance_reduction_ablation,F,velocity,curriculum,0.5,16
linear_ft_beta_0_5_strategy_F_heun2:ep499:nfe8:fid,linear_ft_beta_0_5_strategy_F_heun2,cifar10,0,eval,499,linear,ft_beta,beta,0.5,heun2,8,4,12500,12500,fid,92.70194244384766,completed,ft_clock_variance_reduction_ablation,F,velocity,curriculum,0.5,16
linear_ft_beta_0_5_strategy_F_heun2:ep499:nfe16:fid,linear_ft_beta_0_5_strategy_F_heun2,cifar10,0,eval,499,linear,ft_beta,beta,0.5,heun2,16,8,12500,12500,fid,32.570556640625,completed,ft_clock_variance_reduction_ablation,F,velocity,curriculum,0.5,16
linear_ft_beta_0_5_strategy_F_heun2:ep499:nfe32:fid,linear_ft_beta_0_5_strategy_F_heun2,cifar10,0,eval,499,linear,ft_beta,beta,0.5,heun2,32,16,12500,12500,fid,12.414410591125488,completed,ft_clock_variance_reduction_ablation,F,velocity,curriculum,0.5,16
linear_ft_beta_0_5_strategy_F_heun2:ep499:nfe100:fid,linear_ft_beta_0_5_strategy_F_heun2,cifar10,0,eval,499,linear,ft_beta,beta,0.5,heun2,100,50,12500,12500,fid,5.56764030456543,completed,ft_clock_variance_reduction_ablation,F,velocity,curriculum,0.5,16
